"Category","Module","Task ID","Task","Sub-Task","Status","Priority","Notes"
"FRONTEND","Layout & Navigation","FE-001","Header Component","Logo integration","Completed","High","SK Africa logo implemented"
"FRONTEND","Layout & Navigation","FE-002","Header Component","Navigation menu","Completed","High","Desktop and mobile responsive"
"FRONTEND","Layout & Navigation","FE-003","Header Component","User auth state display","Completed","Medium","Shows login/logout based on session"
"FRONTEND","Layout & Navigation","FE-004","Footer Component","Social links","Completed","Low","Facebook, Twitter, Instagram, YouTube"
"FRONTEND","Layout & Navigation","FE-005","Footer Component","Quick navigation links","Completed","Medium","All main sections linked"
"FRONTEND","Layout & Navigation","FE-006","Footer Component","Contact information","Completed","Low","Email and address displayed"
"FRONTEND","Authentication","FE-007","Auth Page","Sign up form","Completed","High","Email, password, full name fields"
"FRONTEND","Authentication","FE-008","Auth Page","Sign in form","Completed","High","Email and password login"
"FRONTEND","Authentication","FE-009","Auth Page","Role-based redirect","Completed","High","Admin vs Author dashboard routing"
"FRONTEND","Authentication","FE-010","Auth Page","Form validation","Completed","Medium","Using react-hook-form + zod"
"FRONTEND","Dashboards","FE-011","Author Dashboard","Profile management","Completed","High","View and edit profile"
"FRONTEND","Dashboards","FE-012","Author Dashboard","Content submission list","Completed","High","View own submissions with status"
"FRONTEND","Dashboards","FE-013","Author Dashboard","New submission form","Completed","High","Create stories, poems, articles"
"FRONTEND","Dashboards","FE-014","Admin Dashboard","Overview statistics","Completed","Medium","Pending, approved, published counts"
"FRONTEND","Dashboards","FE-015","Admin Dashboard","Content review interface","Completed","High","Approve/reject submissions"
"FRONTEND","Dashboards","FE-016","Admin Dashboard","User management","Completed","Medium","View users and roles"
"FRONTEND","Dashboards","FE-017","Admin Dashboard","Publish to main site","Completed","High","Change status to published"
"FRONTEND","Content Pages","FE-018","Homepage","Hero section","Completed","High","Welcome message and CTA"
"FRONTEND","Content Pages","FE-019","Homepage","Cultural carousel","Completed","Medium","Rotating cultural images"
"FRONTEND","Content Pages","FE-020","Homepage","Quick access cards","Completed","Medium","Links to main sections"
"FRONTEND","Content Pages","FE-021","Homepage","Ubuntu corner","Completed","Low","Community highlights section"
"FRONTEND","Content Pages","FE-022","Stories Page","Page layout","Completed","High","Basic structure in place"
"FRONTEND","Content Pages","FE-023","Stories Page","Dynamic content fetching","Pending","High","Fetch from content_submissions"
"FRONTEND","Content Pages","FE-024","Stories Page","Filtering by tribe","Pending","Medium","Add tribe filter dropdown"
"FRONTEND","Content Pages","FE-025","Stories Page","Pagination","Pending","Medium","Load more functionality"
"FRONTEND","Content Pages","FE-026","Poetry Page","Page layout","Completed","High","Basic structure in place"
"FRONTEND","Content Pages","FE-027","Poetry Page","Dynamic content fetching","Pending","High","Fetch from content_submissions"
"FRONTEND","Content Pages","FE-028","Poetry Page","Audio playback","Pending","Low","Play recorded poems"
"FRONTEND","Content Pages","FE-029","Articles Page","Page layout","Completed","High","Basic structure in place"
"FRONTEND","Content Pages","FE-030","Articles Page","Dynamic content fetching","Pending","High","Fetch from content_submissions"
"FRONTEND","Content Pages","FE-031","Articles Page","Category filtering","Pending","Medium","Filter by article category"
"FRONTEND","Tribe Pages","FE-032","Abagusii Page","Cultural content","Completed","Medium","History, traditions, customs"
"FRONTEND","Tribe Pages","FE-033","Akamba Page","Cultural content","Completed","Medium","History, traditions, customs"
"FRONTEND","Tribe Pages","FE-034","Kalenjin Page","Cultural content","Completed","Medium","History, traditions, customs"
"FRONTEND","Tribe Pages","FE-035","Maasai Page","Cultural content","Completed","Medium","History, traditions, customs"
"FRONTEND","Tribe Pages","FE-036","Ekegusii Page","Language content","Completed","Medium","Vocabulary and phrases"
"FRONTEND","Tribe Pages","FE-037","Remaining 37 Tribes","Individual pages","Pending","High","Kikuyu, Luo, Luhya, Mijikenda, etc."
"FRONTEND","Interactive Features","FE-038","Heritage Map","Leaflet integration","Pending","High","Interactive map component"
"FRONTEND","Interactive Features","FE-039","Heritage Map","Cultural site markers","Pending","High","Clickable markers with info"
"FRONTEND","Interactive Features","FE-040","Heritage Map","Site detail popups","Pending","Medium","Images and descriptions"
"FRONTEND","Interactive Features","FE-041","Global Search","Search component","Pending","High","Search bar in header"
"FRONTEND","Interactive Features","FE-042","Global Search","Results page","Pending","High","Display matching content"
"FRONTEND","Interactive Features","FE-043","Global Search","Filters","Pending","Medium","By type, tribe, date"
"FRONTEND","Interactive Features","FE-044","Medicinal Plants","Database UI","Pending","Medium","Searchable plant database"
"FRONTEND","Interactive Features","FE-045","Medicinal Plants","Plant detail cards","Pending","Medium","Images, uses, preparations"
"FRONTEND","Interactive Features","FE-046","Heroes Page","Hero profiles","Pending","Medium","Historical figures database"
"FRONTEND","Interactive Features","FE-047","Learning Hub","Educational resources","Pending","Medium","Learning materials interface"
"FRONTEND","Interactive Features","FE-048","For Teachers","Curriculum resources","Pending","Low","Teacher-specific content"
"FRONTEND","Interactive Features","FE-049","For Researchers","Research tools","Pending","Low","Academic resources"
"FRONTEND","UI/UX Polish","FE-050","Loading States","Skeleton loaders","Pending","Medium","All data-fetching pages"
"FRONTEND","UI/UX Polish","FE-051","Error Handling","Error boundaries","Pending","Medium","Graceful error display"
"FRONTEND","UI/UX Polish","FE-052","Empty States","No content messages","Pending","Low","When no data available"
"FRONTEND","UI/UX Polish","FE-053","Animations","Page transitions","Pending","Low","Framer motion animations"
"FRONTEND","UI/UX Polish","FE-054","Accessibility","ARIA labels","Pending","Medium","Screen reader support"
"FRONTEND","UI/UX Polish","FE-055","Accessibility","Keyboard navigation","Pending","Medium","Tab navigation support"
"BACKEND","Database Schema","BE-001","content_submissions table","Table creation","Completed","High","Stores all user content"
"BACKEND","Database Schema","BE-002","content_submissions table","RLS policies","Completed","High","Author and admin access"
"BACKEND","Database Schema","BE-003","profiles table","Table creation","Completed","High","User profile information"
"BACKEND","Database Schema","BE-004","profiles table","RLS policies","Completed","High","Users can edit own profile"
"BACKEND","Database Schema","BE-005","user_roles table","Table creation","Completed","High","Role management"
"BACKEND","Database Schema","BE-006","user_roles table","RLS policies","Completed","High","Admin can manage roles"
"BACKEND","Database Schema","BE-007","content_comments table","Table creation","Completed","Medium","Comments on content"
"BACKEND","Database Schema","BE-008","content_comments table","RLS policies","Completed","Medium","Public read, auth write"
"BACKEND","Database Schema","BE-009","tribes table","Table creation","Pending","High","Store all 42+ tribes data"
"BACKEND","Database Schema","BE-010","tribes table","RLS policies","Pending","High","Public read access"
"BACKEND","Database Schema","BE-011","heritage_sites table","Table creation","Pending","High","Cultural landmarks data"
"BACKEND","Database Schema","BE-012","heritage_sites table","RLS policies","Pending","High","Public read access"
"BACKEND","Database Schema","BE-013","medicinal_plants table","Table creation","Pending","Medium","Plant database"
"BACKEND","Database Schema","BE-014","medicinal_plants table","RLS policies","Pending","Medium","Public read access"
"BACKEND","Database Schema","BE-015","heroes table","Table creation","Pending","Medium","Historical figures"
"BACKEND","Database Schema","BE-016","heroes table","RLS policies","Pending","Medium","Public read access"
"BACKEND","Auth & Roles","BE-017","User registration","Auto profile creation","Completed","High","Trigger on auth.users insert"
"BACKEND","Auth & Roles","BE-018","User registration","Default role assignment","Completed","High","Auto-assign author role"
"BACKEND","Auth & Roles","BE-019","Role functions","has_role function","Completed","High","Check user role"
"BACKEND","Auth & Roles","BE-020","Role functions","get_user_roles function","Completed","High","Get all user roles"
"BACKEND","Auth & Roles","BE-021","Admin creation","Manual SQL assignment","Completed","High","Documented in ADMIN_SETUP.md"
"BACKEND","Content Workflow","BE-022","Submission flow","Create submission","Completed","High","Author submits content"
"BACKEND","Content Workflow","BE-023","Submission flow","Pending status","Completed","High","Default pending state"
"BACKEND","Content Workflow","BE-024","Review flow","Admin approval","Completed","High","Change to approved"
"BACKEND","Content Workflow","BE-025","Review flow","Admin rejection","Completed","High","Add review notes"
"BACKEND","Content Workflow","BE-026","Publish flow","Status to published","Completed","High","Make content public"
"BACKEND","Content Workflow","BE-027","Content display","Fetch published only","Pending","High","Filter by status"
"BACKEND","File Storage","BE-028","Storage bucket","Create images bucket","Pending","High","For content images"
"BACKEND","File Storage","BE-029","Storage bucket","Storage RLS policies","Pending","High","User upload permissions"
"BACKEND","File Storage","BE-030","Avatar uploads","Profile image storage","Pending","Medium","User avatars"
"BACKEND","File Storage","BE-031","Content images","Submission attachments","Pending","Medium","Images in content"
"BACKEND","File Storage","BE-032","Audio files","Poetry recordings","Pending","Low","Audio playback support"
"BACKEND","Edge Functions","BE-033","Email notifications","Submission received","Pending","Low","Notify admins"
"BACKEND","Edge Functions","BE-034","Email notifications","Content approved","Pending","Low","Notify authors"
"BACKEND","Edge Functions","BE-035","Email notifications","Content published","Pending","Low","Notify authors"
"BACKEND","Edge Functions","BE-036","Analytics","View tracking","Pending","Low","Content view counts"
"BACKEND","Data Seeding","BE-037","Tribes data","Initial 42 tribes","Pending","High","Name, region, language"
"BACKEND","Data Seeding","BE-038","Heritage sites","Major landmarks","Pending","Medium","Coordinates and info"
"BACKEND","Data Seeding","BE-039","Sample content","Demo stories/poems","Pending","Low","Placeholder content"
"SUMMARY","Frontend","","Total Tasks","55","Completed: 31 (56%)","",""
"SUMMARY","Backend","","Total Tasks","39","Completed: 21 (54%)","",""
"SUMMARY","Overall","","Total Tasks","94","Completed: 52 (55%)","",""
